Price,Close,High,Low,Open,Volume,MACD,MACD_Signal,MACD_Hist,K,D,J
Ticker,2330.TW,2330.TW,2330.TW,2330.TW,2330.TW,,,,,,
Date,,,,,,,,,,,
2024-01-02,583.1203002929688,583.1203002929688,579.1869424495086,580.1702819103737,26059058,0.0,0.0,0.0,0.0,0.0,0.0
2024-01-03,568.3702392578125,575.2536158578206,566.4035602292388,574.2702763435337,37106763,-1.1766430455394357,-0.23532860910788714,-0.9413144364315486,0.0,0.0,0.0
2024-01-04,570.3368530273438,571.3201924291151,567.3868348220299,570.3368530273438,15309129,-1.9282244694549036,-0.5739077811772905,-1.354316688277613,0.0,0.0,0.0
2024-01-05,566.403564453125,570.3369225396051,564.436885409885,568.370243496365,18158971,-2.8088628562841222,-1.0208987961986569,-1.7879640600854654,0.0,0.0,0.0
2024-01-08,573.2869873046875,575.2536665064189,569.3536289012249,572.3036477038219,17761275,-2.9177069164242084,-1.4002604202437672,-1.5174464961804413,0.0,0.0,0.0
2024-01-09,576.2369384765625,579.1869569329272,573.2869200201978,578.2036174474723,22501510,-2.7344096402426885,-1.6670902642435514,-1.067319375999137,0.0,0.0,0.0
2024-01-10,574.270263671875,576.2369426570526,570.3369057015196,571.3202451941085,13037716,-2.7165250391611835,-1.876977219227078,-0.8395478199341055,0.0,0.0,0.0
2024-01-11,576.2369384765625,579.1869569329272,573.2869200201978,576.2369384765625,23997409,-2.514669597607508,-2.004515694903164,-0.510153902704344,0.0,0.0,0.0
2024-01-12,574.270263671875,578.2036216422302,571.3202451941085,571.3202451941085,16496053,-2.484749283401243,-2.1005624126027795,-0.38418687079846325,52.631589693452064,52.631589693452064,52.63158969345206
2024-01-15,576.2369384765625,580.170296418382,575.2535989911077,580.170296418382,21143076,-2.276105471231517,-2.135671024328527,-0.14043444690299012,63.81577835413185,58.22368402379196,74.99996701481163
2024-01-16,570.3368530273438,578.203568241514,569.3535136255724,571.3201924291151,27223860,-2.5573616602529228,-2.2200091515134064,-0.3373525087395164,50.65769369902369,54.44068886140782,43.09170337425542
2024-01-17,571.3202514648438,574.2702699749892,568.3702329546983,573.2869304716074,42592335,-2.6701276120759303,-2.3100328436259114,-0.36009476845001887,47.203842841294254,50.822265851351034,39.966996821180686
2024-01-18,578.20361328125,579.1869527596194,575.2535948461416,576.236934324511,27209996,-2.1789481119153606,-2.2838158972838016,0.10486778536844099,65.26856311632639,58.04541448383871,79.71486038130175
2024-01-19,615.5704956054688,616.5538350553177,603.7704222072808,614.5871561556197,161106401,1.2115443669163142,-1.5847438444437787,2.7962882113600926,81.6138727396242,69.82964361173146,105.1823309954097
2024-01-22,615.5704956054688,622.4538717544117,612.6204772559217,622.4538717544117,65168775,3.854106344725551,-0.49697380660991286,4.351080151335464,84.4432963654533,77.13646998859238,99.05694911917516
2024-01-23,617.5371704101562,618.5205098534846,611.6371337501866,618.5205098534846,41072439,6.037453960252378,0.8099117467625455,5.227542213489833,87.67618725094344,82.40632861976792,98.2159045132945
2024-01-24,616.5538330078125,619.5038513475628,613.6038146680622,617.5371724543959,26635005,7.600808180090553,2.168091033428147,5.432717146662406,88.38354315740072,85.39493588858431,94.36075769503356
2024-01-25,631.303955078125,631.303955078125,622.4538996331046,624.4205786208869,52243347,9.915687370130172,3.717610300768552,6.19807706936162,94.19177157870035,89.79335373364233,102.9886072688164
2024-01-26,633.2705688476562,635.2372476328974,628.3538718845533,633.2705688476562,41153025,11.773220741432965,5.328732388901435,6.44448835253153,95.62529614608147,92.7093249398619,101.45723855852057
2024-01-29,637.2039794921875,637.2039794921875,633.2706215940876,635.2373005431375,27825490,13.408161744821655,6.944618260085479,6.463543484736176,97.81264807304073,95.26098650645132,102.91597120621955
2024-01-30,631.303955078125,636.2206525475808,631.303955078125,631.303955078125,36161825,14.065641646128938,8.368822937294171,5.696818708834767,94.1444291364545,94.70270782145292,93.02787176645768
2024-01-31,617.5371704101562,626.3872254001108,615.5704915234996,623.4372070701259,41277950,13.322263969695427,9.359511143774423,3.9627528259210045,67.66043389164683,81.18157085654988,40.61815996184072
2024-02-01,617.5371704101562,617.5371704101562,608.6871154202017,614.5871520801714,44946369,12.588024890213887,10.005213893062317,2.5828109971515705,49.34744732503714,65.26450909079351,17.513323793524393
2024-02-02,624.4205932617188,624.4205932617188,617.5372166430857,622.4539142278236,26334815,12.418418033876264,10.487854721225107,1.9305633126511577,52.259992969341084,58.7622510300673,39.25547684788866
2024-02-05,635.2373046875,636.2206441684403,627.3705888399768,634.2539652065595,44017740,13.006886302518751,10.991661037483837,2.015225265034914,72.6817302241817,65.7219906271245,86.60120941829612
2024-02-15,685.3875732421875,697.1876462391836,681.4542155765222,697.1876462391836,112945296,17.320301539549746,12.25738913789702,5.062912401652726,79.67419719055499,72.69809390883975,93.62640375398547
2024-02-16,671.620849609375,687.3542809325814,671.620849609375,685.3876020171806,44232811,19.404175392274965,13.68674638877261,5.717429003502355,75.39266736237187,74.04538063560581,78.08724081590398
2024-02-19,666.7041625976562,670.6375204890878,662.7708047062246,662.7708047062246,34408673,20.42349553928989,15.034096218876066,5.389399320413823,70.47412983707682,72.2597552363413,66.90287903854784
2024-02-20,675.5543212890625,676.5376609124818,663.7542458080309,663.7542458080309,30166461,21.695357367299266,16.366348448560707,5.329008918738559,73.01492074046016,72.63733798840073,73.770086244579
2024-02-21,669.6542358398438,671.6209149465687,666.7042171797564,666.7042171797564,30564485,21.97392768255645,17.487864295359856,4.4860633871965945,70.95195457577536,71.79464628208805,69.26657116314999
2024-02-22,680.4708862304688,683.4209045233754,673.5875102136865,683.4209045233754,33145643,22.80463234609772,18.55121790550743,4.253414440590291,76.03153675514832,73.91309151861819,80.2684272282086
2024-02-23,685.3875732421875,691.2876097406855,684.4042338257711,689.3209309078529,46448923,23.58780183161798,19.558534690729537,4.029267140888443,80.60835509880502,77.2607233087116,87.30361867899185
2024-02-26,686.3709716796875,688.3376506816351,683.4209531767663,688.3376506816351,28798079,24.011037038004247,20.44903516018448,3.5620018778197675,82.55773637697712,79.90922984284435,87.85474944524265
2024-02-27,686.3709716796875,689.3209901826087,679.4875951728711,688.3376506816351,33006829,24.069001521207156,21.173028432389017,2.8959730888181383,75.56465084937341,77.73694034610888,71.22007185590246
2024-02-29,678.5042114257812,686.3709269205729,676.5375325520833,679.4875508626302,54368302,23.212576847949435,21.5809381155011,1.6316387324483337,65.36852714073405,71.55273374342147,53.000113935359195
2024-03-01,677.5209350585938,685.3876512856891,676.5375955302068,685.3876512856891,23390635,22.198620064989655,21.704474505398814,0.49414555959084083,58.54643560286589,65.04958467314368,45.5401374623103
2024-03-04,712.9210815429688,712.9210815429688,699.1543296235183,702.104347891972,88861397,23.975177062108287,22.15861501674071,1.8165620453675757,79.27321780143295,72.16140123728832,93.4968509297222
2024-03-05,717.8378295898438,725.7045455305544,715.8711506046661,722.7545270527878,64403889,25.486064273708507,22.82410486813427,2.661959405574237,82.96993757819644,77.56566940774238,93.77847391910456
2024-03-06,722.7545166015625,725.7045350366709,705.054405990912,706.0377454692815,43687122,26.771582685170983,23.613600431541613,3.1579822536293705,88.65477237533841,83.1102208915404,99.74387534293442
2024-03-07,747.3380126953125,756.1880681088096,741.4379757529811,742.4213152433696,71817344,29.43474257986179,24.77782886120565,4.656913718656142,88.77183320134046,85.94102704644042,94.43344551114055
2024-03-08,770.9381103515625,782.7381834691885,759.1380372339365,781.7548440427197,87139744,33.068454075860586,26.435953904136635,6.632500171723951,88.8303606715279,87.38569385898415,91.71969429661539
2024-03-11,753.2380981445312,765.0381727890931,748.3214003759638,755.2047772519581,64759810,34.12656377186988,27.974075877683283,6.152487894186599,80.52633640217852,83.95601513058133,73.66697894537288
2024-03-12,757.1713256835938,758.1546650675984,741.4378955395191,744.3879136915331,58110339,34.88042212631103,29.355345127408835,5.525076998902197,78.22611496045002,81.09106504551568,72.4962147903187
2024-03-13,766.021484375,771.9215214818678,764.0548053393775,771.9215214818678,36754557,35.779549768263905,30.64018605557985,5.139363712684055,81.24271541404306,81.16689022977937,81.39436578257045
2024-03-14,770.9381103515625,771.9214497780314,757.1713583809989,766.0214132192184,42010806,36.46845982469631,31.805840809403144,4.662619015293167,83.56253439683192,82.36471231330565,85.95817856388447
2024-03-15,740.4546508789062,764.0547991140905,740.4546508789062,758.1547620552944,73316437,34.16088022636495,32.27684869279551,1.8840315335694413,64.56610467487211,73.46540849408888,46.767497036438556
2024-03-18,754.7794799804688,755.7674112369878,744.9001674152794,744.9001674152794,43589856,33.1063711220836,32.442753178653135,0.6636179434304665,64.28785153985763,68.87663001697325,55.11029458562638
2024-03-19,752.8035278320312,755.7673212486927,745.888009859821,748.8518032764825,30152375,31.745282380425465,32.303259019007605,-0.5579766385821401,46.746391785224645,57.81151090109895,24.616153553476025
2024-03-20,748.8518676757812,759.7191111380947,742.9242803327012,754.7794550188613,41280325,30.00190056318138,31.842987327842362,-1.8410867646609823,33.302849687438446,45.5571802942687,8.794188473777936
2024-03-21,774.5380249023438,774.5380249023438,762.6828510517977,763.6707822060098,46026103,30.343139310614106,31.543017724396712,-1.1998784137826064,66.65142484371923,56.10430256899396,87.74566939316978
2024-03-22,775.5260009765625,779.4777258223029,765.6466888622114,778.4897946108678,30660820,30.343513750442185,31.30311692960581,-0.9596031791636257,78.26239430626723,67.1833484376306,100.42048604354048
2024-03-25,770.5863037109375,778.4897529797677,769.5983725523337,773.5500971867488,19877101,29.603962162161565,30.963285976116964,-1.359323813955399,77.7386785929452,72.4610135152879,88.29400874825981
2024-03-26,772.5621948242188,782.4415067784927,766.6346076516544,778.4897819967831,40990702,28.844795255454983,30.53958783198457,-1.6947925765295864,77.10457179649501,74.78279265589146,81.74813007770211
2024-03-27,769.598388671875,775.5259757476532,769.598388671875,775.5259757476532,18794479,27.68486177217369,29.968642620022393,-2.2837808478487034,73.2580731839964,74.02043291994393,71.73335371210135
2024-03-28,759.7190551757812,766.6345732332982,758.7311240247075,764.6587109311505,27190918,25.672489997582034,29.109412095534324,-3.4369220979522908,57.87897788800314,65.94970540397354,41.737522856062355
2024-03-29,766.6345825195312,767.6225136825719,758.7311332152062,759.7190643782469,9802000,24.35494745519452,28.158519167466366,-3.8035717122718466,58.939446328858935,62.44457586641624,51.92918725374433
2024-04-01,760.70703125,773.5501369724026,759.7191000405844,773.5501369724026,21041261,22.572282428059907,27.041271819585077,-4.46898939152517,51.9697219202792,57.20714889334772,41.49486797414215
2024-04-02,780.4656372070312,780.4656372070312,773.5501189026652,774.5380500890031,37974481,22.494558652055957,26.131929186079255,-3.6373705340232974,71.81818513719027,64.51266701526899,86.42922138103285
2024-04-03,770.5863037109375,775.5259595039563,768.61044139373,773.5500971867488,30890544,21.38922072926414,25.183387494716232,-3.7941667654520934,60.90906791555032,62.71086746540965,57.30546881583166
2024-04-08,773.5501708984375,782.4415521731322,773.5501708984375,779.4777584149006,32202226,20.51589728073202,24.24988945191939,-3.7339921711873707,61.704595704792936,62.20773158510129,60.69832394417621
2024-04-09,809.1156005859375,810.103531722184,782.4414599072802,785.4052533160199,56857731,22.434998402614383,23.886911242058392,-1.4519128394440095,79.89075917772087,71.04924538141108,97.57378677034043
2024-04-10,805.1639404296875,809.1156652906922,800.2242843534318,805.1639404296875,27480849,23.367666010968264,23.78306219584037,-0.4153961848721046,85.13774888408119,78.09349713274614,99.2262523867513
2024-04-11,810.1036376953125,810.1036376953125,801.2122563059737,801.2122563059737,25200651,24.22614023230983,23.87167780313426,0.3544624291755696,92.5688744420406,85.33118578739337,107.04425175133503
2024-04-12,808.127685546875,816.0311347942771,807.1397543909497,813.0673413265014,31508936,24.46502681288962,23.990347605085333,0.47467920780428585,89.38788483917105,87.35953531328221,93.4445838909487
2024-04-15,796.2725219726562,802.2001089848596,793.3087284665546,794.2966596352551,38913470,23.42767388505422,23.87781286107911,-0.45013897602489195,77.15007909796653,82.25480720562436,66.94062288265087
2024-04-16,778.48974609375,793.3087133417274,775.5259526441545,792.3207821918622,49508969,20.929381932620117,23.28812667538731,-2.3587447427671933,48.99169944108223,65.6232533233533,15.728591676540105
2024-04-17,794.2966918945312,798.2484167298275,783.4294485974667,788.369104641587,34472074,19.994472154192863,22.62939577114842,-2.6349236169555574,51.57922689075443,58.60124010705386,37.53520045815556
2024-04-18,794.2966918945312,800.2242791474755,782.4415173886428,786.3932422239388,43598591,19.034135750534006,21.910343767025537,-2.876208016491532,50.20822250396964,54.404731305511746,41.81520490088542
2024-04-19,740.9484252929688,760.7070499674479,736.9967003580729,759.7191187337239,130968654,13.809120027308722,20.290099019082174,-6.480978991773451,27.604113284697323,41.00442229510453,0.8034952638829083
2024-04-22,733.044921875,747.863889298349,731.0690595518868,731.0690595518868,46540798,8.927598945544219,18.01759900437458,-9.090000058830363,14.964847403683203,27.984634849393867,-11.074727487738123
2024-04-23,744.900146484375,751.8156650856888,742.9242840268568,751.8156650856888,30423647,5.94702229538791,15.603483662577249,-9.656461367189339,15.621988850779637,21.80331185008675,3.2593428521654104
2024-04-24,773.5501708984375,775.5260334039252,759.7191333600235,760.7070646127673,39457128,5.829512368377095,13.648689403737219,-7.8191770353601235,32.811037812604255,27.307174831345502,43.81876377512176
2024-04-25,756.7553100585938,764.6587597719994,755.767378844418,760.7070349152966,28534926,4.331252018185978,11.785201926626971,-7.453949908440993,34.46110132176421,30.884138076554855,41.61502781218293
2024-04-26,772.5621948242188,779.4777131922104,772.5621948242188,778.4897819967831,32571247,4.368990391582315,10.30195961961804,-5.932969228035725,47.23055320225119,39.057345639403025,63.5769683279475
2024-04-29,785.4052734375,785.4052734375,777.5018241450472,780.465617629717,26765837,5.373287520612507,9.316225199816936,-3.9429376792044284,62.900969136963646,50.97915738818334,86.74459263452425
2024-04-30,780.4656372070312,792.3208114430875,780.4656372070312,787.3811555113973,39051972,5.704850899380858,8.593950339729721,-2.889099440348863,67.16476466477074,59.07196102647704,83.35037194135813
2024-05-02,762.6829223632812,779.4777535552188,762.6829223632812,779.4777535552188,40527228,4.481046084391664,7.77136948866211,-3.2903234042704455,59.388879155161206,59.23042009081912,59.705797283845385
2024-05-03,770.5863037109375,778.4897529797677,763.6707856007112,778.4897529797677,29901556,4.1016277632370475,7.037421143577097,-2.9357933803400496,61.95249174663841,60.59145591872877,64.6745634024577
2024-05-06,776.513916015625,783.429434351642,776.513916015625,781.4535719699229,32599878,4.2304784617009545,6.476032607201869,-2.2455541455009147,64.97623913775602,62.7838475282424,69.3610223567833
2024-05-07,790.344970703125,790.344970703125,782.4415209960937,787.3811770629883,33890214,5.386551280734352,6.258136341908366,-0.8715850611740139,79.7854448821314,71.2846462051869,96.7870422360204
2024-05-08,792.32080078125,792.32080078125,782.4414890508104,784.4173513968984,21757193,6.388537213209588,6.284216516168611,0.10432069704097735,89.8927078571584,80.58867703117265,108.50076950912992
2024-05-09,786.3932495117188,792.320836819596,786.3932495117188,788.3691119476779,21923999,6.627911991075621,6.352955611150014,0.27495637992560695,84.94634647762592,82.7675117543993,89.30401592407918
2024-05-10,792.32080078125,797.2604566464697,788.3690760890742,793.308731954294,25101318,7.212777664852524,6.524920021890516,0.6878576429620082,85.3303043679962,84.04890806119775,87.89309698159312
2024-05-13,809.1156005859375,815.0431874034169,808.1276694496909,813.0673251309238,34812619,8.928564970153047,7.0056490115430226,1.9229159586100248,87.00476561707015,85.52683683913395,89.96062317294258
2024-05-14,815.043212890625,815.043212890625,801.2121765506629,806.1518323863636,28691846,10.643950706928763,7.733309350620171,2.9106413563085916,93.50238280853507,89.51460982383452,101.4779287779362
2024-05-15,828.874267578125,833.8139235231675,826.8984052001081,827.8863363891165,39467772,12.96994730532083,8.780636941560303,4.1893103637605265,93.23006582352765,91.37233782368108,96.94552182322082
2024-05-16,830.8501586914062,845.6691270390531,826.8984337987004,841.7174021463474,43927195,14.802124588820561,9.984934471012355,4.817190117808206,85.90075113289211,88.6365444782866,80.42916444210317
2024-05-17,824.9225463867188,837.7656518993263,823.9346151934412,837.7656518993263,26207289,15.59604797935026,11.107157172679937,4.488890806670323,76.5441161263953,82.59033030234094,64.451687774504
2024-05-20,824.9225463867188,827.8863399665512,812.0794408741111,823.9346151934412,28808661,16.040334989259804,12.093792735995912,3.9465422532638925,71.86579862314687,77.2280644627439,61.141266943952814
2024-05-21,830.8501586914062,830.8501586914062,819.9829152364651,819.9829152364651,19705349,16.67848522373083,13.010731233542895,3.6677539901879364,73.43290018392383,75.33048232333387,69.63773590510377
2024-05-22,853.5725708007812,854.5605020169859,832.8260152604845,834.8018776928936,36628342,18.801006342383516,14.16878625531102,4.632220087072497,85.97018182356068,80.65033207344727,96.6098813237875
2024-05-23,864.4397583007812,866.4156206054687,856.5363090820312,864.4397583007812,37266618,21.116591904377742,15.558347385124366,5.5582445192533765,91.46993911778411,86.06013559561569,102.28954616212093
2024-05-24,856.5363159179688,861.4759717191105,847.6449354759137,847.6449354759137,34136382,22.05967815854342,16.85861353980818,5.201064618735241,88.15921583091716,87.10967571326643,90.25829606621863
2024-05-27,858.51220703125,867.4035877715047,855.5484134511652,861.4760006113349,26726954,22.70479200023351,18.027849231893246,4.676942768340265,86.04389363978703,86.57678467652673,84.97811156630763
2024-05-28,854.560546875,862.4639970195086,854.560546875,856.5364094111271,25329216,22.63624685518755,18.94952875655211,3.686718098635442,81.4148623759852,83.99582352625596,76.25294007544366
2024-05-29,846.656982421875,857.5242249033693,845.6690512871936,850.6087069606002,33436835,21.69409669280617,19.49844234380292,2.1956543490032487,71.95738576198069,77.97660464411832,59.91894799770543
2024-05-30,827.8863525390625,837.7656646218676,827.8863525390625,830.850146163904,38065102,19.211346498661328,19.441023174774603,-0.22967667611327514,50.26441851022374,64.12051157717103,22.552232376329158
2024-05-31,811.091552734375,835.7898338773218,811.091552734375,827.8863839115788,77438401,15.70748301172182,18.694315142164047,-2.9868321304422274,25.13220925511187,44.62636041614145,-13.856093066947295
2024-06-03,835.789794921875,842.7053133195737,826.8984141248338,828.8742765241764,28345488,14.753518311706898,17.90615577607262,-3.1526374643657213,34.49591250185408,39.561136458997765,24.365464587566706
2024-06-04,828.874267578125,840.7294418462269,826.8984052001081,833.8139235231675,28223635,13.286312809211267,16.98218718270035,-3.695874373489083,33.03740057843612,36.29926851871694,26.513664697874475
2024-06-05,843.6932373046875,846.6570308783573,824.922544671445,830.8501318187847,31975446,13.167521891606157,16.219254124481512,-3.0517322328753558,45.46605101878801,40.882659768752475,54.63283351885909
2024-06-06,883.21044921875,888.150104975007,874.3190688574874,882.2225180674985,62925136,16.076765036010443,16.1907563067873,-0.11399127077685733,69.52789407840638,55.205276923579426,98.17312838806028
2024-06-07,868.3915405273438,877.2829214883747,868.3915405273438,874.3191278346977,41075399,16.990740424066757,16.35075313024319,0.639987293823566,71.94345932360034,63.57436812358988,88.68164172362125
2024-06-11,872.34326171875,884.1984362834442,872.34326171875,881.2346426422706,48228488,17.828428353920458,16.646288174978643,1.1821401789418147,75.71534487604873,69.6448564998193,87.8563216285076
2024-06-12,898.0294799804688,902.9691360859719,877.2829243373557,877.2829243373557,48106925,20.33060664059326,17.383151868101567,2.9474547724916924,85.16949980368327,77.40717815175128,100.69414310754723
2024-06-13,911.4178466796875,927.2858396577888,903.483850190637,915.3848449242129,55857091,23.12733276552433,18.53198804758612,4.595344717938211,85.75653424758997,81.58185619967063,94.10589034342865
2024-06-14,914.3931274414062,914.3931274414062,897.5333843107079,908.4426298658657,38408123,25.292284943934646,19.884047426855822,5.408237517078824,86.58074015472735,84.08129817719899,91.5796241097841
2024-06-17,913.4014282226562,917.3684268251433,905.467431017682,905.467431017682,26292426,26.62113147146215,21.23146423577709,5.38966723568506,86.50844134158743,85.29486975939321,88.9355845059759
2024-06-18,935.2198486328125,942.1620956534166,932.2445999096965,936.2115982071845,37876013,29.09937660157209,22.80504670893609,6.294329892636,90.29351032925051,87.79419004432185,95.29215089910781
2024-06-19,972.9063720703125,975.8816209145642,945.1373828572965,945.1373828572965,72228052,33.71573717315027,24.98718480177893,8.728552371371343,93.76279078692002,90.77849041562094,99.73139152951816
2024-06-20,972.9063720703125,972.9063720703125,962.9888759228068,962.9888759228068,48225374,36.94831896372409,27.379411634167965,9.568907329556126,95.49743101575477,93.13796071568785,100.21637161588859
2024-06-21,961.9971313476562,969.9311283072245,952.0796351481958,953.0713847681419,88376132,38.18965222958889,29.541459753252152,8.648192476336735,91.04371763329775,92.0908391744928,88.94947455090761
2024-06-24,932.24462890625,952.0796210106383,932.24462890625,950.0961218001995,66391994,36.35357807242383,30.90388341708649,5.449694655337339,73.39327419882693,82.74205668665986,54.69570922316106
2024-06-25,937.203369140625,937.203369140625,915.3848780071925,917.3683772011409,57368432,34.896341665165664,31.702375066702327,3.193966598463337,62.01308744308625,72.37757206487305,41.28411819951265
2024-06-26,952.0796508789062,952.0796508789062,943.1539041519165,943.1539041519165,44967166,34.543665055522524,32.27063306446637,2.2730319910561576,65.81668682916322,69.09712944701813,59.255801593453384
2024-06-27,952.0796508789062,953.0714005152385,941.1704048792521,943.1539041519165,39729446,33.87369147183597,32.59124474594029,1.2824467258956815,66.0069418146238,67.55203563082097,62.916754182229454
2024-06-28,958.0300903320312,962.9888382115965,947.1208449969873,948.1125945729004,39138210,33.43743735014459,32.76048326678115,0.6769540833634409,68.24934554070667,67.90069058576381,68.9466554505924
2024-07-01,960.0136108398438,968.9393572216192,957.0383620459187,960.0136108398438,19935737,32.872818949441125,32.782950403313144,0.08986854612798112,71.00990880775751,69.45529969676066,74.11912702975121
2024-07-02,952.0796508789062,962.9888968785605,951.087901242574,959.0218983332317,25427569,31.42292659930581,32.51094564251168,-1.0880190432058683,67.40152930112284,68.42841449894175,65.34775890548502
2024-07-03,970.9228515625,970.9228515625,959.0218564463099,967.9476027834525,24070411,31.432036332799385,32.295163780569226,-0.8631274477698412,83.70076465056141,76.06458957475158,98.97311480218107
2024-07-04,996.7083740234375,1001.6671221529073,988.7743770162857,991.7496258939676,41893299,33.13793849885565,32.46371872422651,0.6742197746291367,88.97681999587759,82.52070478531459,101.8890504170036
2024-07-05,996.7083740234375,1001.6671221529073,991.7496258939676,996.7083740234375,19998094,34.09683121016633,32.79034122141448,1.3064899887518493,91.61484766853567,87.06777622692513,100.70899055175676
2024-07-08,1026.4609375,1041.3371829710145,991.7496980676328,996.708446557971,40146763,36.832956418467006,33.59886426082499,3.234092157642017,88.38168560328148,87.72473091510331,89.69559497963783
2024-07-09,1031.4195556640625,1046.295799255371,1016.5433120727539,1021.5020599365234,46373121,38.95245475237732,34.669582359135454,4.282872393241867,87.11536704262281,87.42004897886306,86.50600317014232
2024-07-10,1036.3782958984375,1041.3370437257029,1006.625808934846,1011.5845567621112,46206302,40.56469677339828,35.848605241988025,4.716091531410257,88.55767952277404,87.98886425081855,89.69531006668501
2024-07-11,1071.089599609375,1071.089599609375,1046.2958588776764,1056.213355170356,41724336,44.134566495886475,37.50579749276771,6.628769003118762,94.27883976138702,91.13385200610279,100.56881527195549
2024-07-12,1031.4195556640625,1036.378303527832,1016.5433120727539,1021.5020599365234,68983062,43.26395304070695,38.657428602355566,4.606524438351386,80.61046883866084,85.87216042238181,70.08708567121889
2024-07-15,1031.4195556640625,1036.378303527832,1016.5433120727539,1031.4195556640625,38393309,42.08881197991718,39.34370527786789,2.7451067020492914,72.60609868872581,79.2391295555538,59.34003695506982
2024-07-16,1046.2957763671875,1061.1720196330716,1026.4607853460086,1031.4195331013034,32125609,41.87517990028948,39.85000020235221,2.0251796979372685,71.24275887734238,75.2409442164481,63.246388199130934
2024-07-17,1021.5020141601562,1036.3782570848186,1011.5845188770479,1026.4607618017103,54022399,39.25274433534457,39.73054902895068,-0.4778046936061102,54.37131523579566,64.80612972612188,33.50168625514323
2024-07-18,996.7083740234375,996.7083740234375,977.8651311314521,979.84863038324,81990095,34.77296461588776,38.7390321463381,-3.9660675304503386,37.29204020159031,51.049084963856096,9.77795067705874
2024-07-19,961.9971313476562,986.7908718463073,961.9971313476562,979.8486245066849,92507621,28.09790456963117,36.61080663099671,-8.512902061365544,18.646020100795155,34.84755253232562,-13.757044762265778
2024-07-22,931.2528686523438,957.0383580931967,930.2611190584648,956.0466084993178,83062356,20.095418853198566,33.30772907543708,-13.212310222238514,9.675122630892401,22.261337581609013,-15.497307270540823
2024-07-23,970.9228515625,970.9228515625,948.1126109231358,955.0548580742467,47213266,16.76121450577,29.998426161503666,-13.237211655733667,19.274176815723422,20.767757198666217,16.28701604983783
2024-07-26,916.3765869140625,922.3270842316863,907.4508409376268,907.4508409376268,82081735,9.606666176077397,25.920074164418413,-16.313407988341016,12.540314252271715,16.654035725468965,4.312871305877216
2024-07-29,936.2116088867188,940.1786072294591,928.2776122012381,934.2281097153486,40809258,5.474054095919541,21.830870150718642,-16.3568160547991,15.625006013312714,16.13952086939084,14.595976301156462
2024-07-30,932.24462890625,941.1703753532247,918.3601344331782,922.3271328540559,41761392,1.8574159823006084,17.836179317035036,-15.978763334734428,15.877035226300952,16.008278047845895,15.614549583211065
2024-07-31,926.2941284179688,932.2446260309321,920.3436308050053,921.3353804071659,39894991,-1.4719833306517103,13.974546787497687,-15.446530118149397,15.246229209119026,15.62725362848246,14.48418037039216
2024-08-01,952.0796508789062,961.0053976058961,940.17865524292,961.0053976058961,47382270,-2.0067475723412826,10.778287915529894,-12.785035487871177,32.623138915322194,24.125196271902325,49.61902420216194
2024-08-02,895.5498657226562,920.3436050837486,895.5498657226562,910.4261093393117,76144485,-6.912352018353431,7.240159928753229,-14.15251194710666,16.311569457661097,20.21838286478171,8.497942643419876
2024-08-05,808.27587890625,849.9293597824003,806.2923798169096,844.9706120590491,144057989,-17.6390285010865,2.2643222427852834,-19.903350743871783,8.758194194195372,14.48828852948854,-2.701994476390965
2024-08-06,872.7396240234375,887.6158676147461,833.0696411132812,860.8386291503907,102930842,-20.699698174778746,-2.3284818407275223,-18.371216334051223,24.559821692606135,19.52405511104734,34.63135485572373
2024-08-07,912.4096069335938,912.4096069335938,885.6323684692384,893.5663650512696,59158704,-19.697207707775647,-5.802227014137148,-13.894980693638498,46.57477130252458,33.04941320678596,73.62548749400182
2024-08-08,888.6076049804688,897.5333510126386,879.6818589482988,893.5663527761186,38236391,-20.586046298745828,-8.758990871058884,-11.827055427686943,49.889938668432805,41.46967593760938,66.73046413007964
2024-08-09,926.2941284179688,926.2941284179688,914.3931331920419,919.3518812028448,49494621,-18.041498637981817,-10.615492424443472,-7.426006213538345,63.727015704978136,52.59834582129376,85.98435547234689
2024-08-12,932.24462890625,940.1786257480053,923.3188824592753,934.2281281166888,38331663,-15.367622242158632,-11.565918387986505,-3.8017038541721266,72.56863108301354,62.58348845215365,92.53891634473332
2024-08-13,933.236328125,937.203326331695,929.2693299183051,937.203326331695,25764381,-13.018465330634513,-11.856427776516107,-1.162037554118406,77.3099351442572,69.94671179820543,92.03638183636073
2024-08-14,940.1785888671875,947.1208358313967,937.2033401682407,943.1538375661343,36780856,-10.475800621879785,-11.580302345588843,1.104501723709058,86.19017914772982,78.06844547296762,102.43364649725419
2024-08-15,935.2198486328125,942.1620956534166,933.2363494840685,937.2033477815565,19476402,-8.759871075348201,-11.016216091540715,2.2563450161925136,88.86974068650656,83.46909307973709,99.67103590004547
2024-08-16,961.0053100585938,961.0053100585938,950.0960650527687,955.0548127826892,44062316,-5.258694353070496,-9.864711743846671,4.6060173907761754,94.43487034325328,88.9519817114952,105.40064760676944
2024-08-19,964.9723510742188,966.9558502542275,956.0466047641797,961.0053527142014,21348863,-2.1392199243636014,-8.319613379950058,6.180393455586456,96.08107189184045,92.51652680166782,103.21016207218571
2024-08-20,964.9723510742188,968.9393494342361,960.0136031241971,968.9393494342361,24039959,0.32919132233678283,-6.58985243949269,6.919043761829473,95.81831440550937,94.1674206035886,99.12010200935094
2024-08-21,950.0961303710938,956.0466280560902,948.1126311427616,953.071379213592,29758188,1.0726732250883515,-5.0573473065764825,6.130020531664834,80.63644759859504,87.40193410109183,67.10547459360146
2024-08-22,943.1538696289062,956.0466144293014,940.178620828815,950.096116829119,24349754,1.0891505173249243,-3.8280477417962016,4.917198259121125,62.05735590914371,74.72964500511776,36.71277771719559
2024-08-23,941.17041015625,944.1456590819284,931.2529137373223,936.2116619467861,27592153,0.9314234177847993,-2.8761535098800013,3.8075769276648006,46.02877170694019,60.379208356028975,17.327898408762636
2024-08-26,942.162109375,953.0713548519736,937.2033614309211,949.1043564967105,25057581,0.8763434522016951,-2.125654117463662,3.001997569665357,37.488022635431804,48.93361549573039,14.596836914834626
2024-08-27,934.2281494140625,938.1951479253748,932.2446501584063,937.2033982975468,18693037,0.19029432613206154,-1.6624644287445174,1.852758754876579,22.69136747082628,35.812491483278336,-3.5508805540778354
2024-08-28,956.046630859375,956.046630859375,935.2198889008201,937.2033881349682,31059233,1.3911284956336658,-1.051745843868881,2.4428743395025467,44.24043308429242,40.02646228378538,52.6683746853065
2024-08-29,935.2198486328125,939.1868469303006,929.2693511865804,934.2280990584405,43530708,0.6547039380458273,-0.7104558874859392,1.3651598255317665,29.6202136546792,34.82333796923229,19.213965025573017
2024-08-30,936.2116088867188,944.1456055721994,933.2363601296635,936.2116088867188,63834981,0.14938689536950278,-0.5384873309148509,0.6878742262843537,23.56011691909532,29.191727444163806,12.296895868958352
2024-09-02,940.1785888671875,947.1208358313967,935.2198410356095,942.1620879998187,18646835,0.06823505814895725,-0.4171428531020893,0.48537791125104657,32.150383253389165,30.671055348776484,35.10903906261453
2024-09-03,932.24462890625,944.145624168883,931.2528793010306,940.1786257480053,19547575,-0.6290315355105349,-0.45952058958377845,-0.16951094592675647,21.630792785636203,26.150924067206343,12.590530222495921
2024-09-04,881.6653442382812,897.5333369354831,880.6735946947061,886.6240919561568,79709021,-5.202969307070134,-1.4082103330810496,-3.794758973989085,11.473290511219021,18.812107289212683,-3.204343044768301
2024-09-05,894.55810546875,907.4508497826012,892.5746063435421,899.5168532817696,30512026,-7.698763311336393,-2.6663209287321186,-5.032442382604274,14.94717429925193,16.87964079423231,11.082241309291177
2024-09-06,910.4261474609375,910.4261474609375,895.5499032213797,901.5004009172028,24458336,-8.300595568164454,-3.7931758566185856,-4.507419711545868,27.210454788359804,22.045047791296057,37.54126878248729
2024-09-09,891.5828857421875,892.5746353370064,883.6488889836363,884.6406385784552,35885268,-10.18068906240967,-5.070678497776802,-5.1100105646328675,20.842093256693143,21.4435705239946,19.639138722090223
2024-09-10,896.5416259765625,903.4838730803633,893.5663772177908,899.5168747353342,33498628,-11.142108515701125,-6.284964501361667,-4.8571440143394575,22.361370267377556,21.90247039568608,23.27917001076051
2024-09-11,893.56640625,898.5251543423974,892.5746566315206,898.5251543423974,18029342,-12.005721244863821,-7.429115850062098,-4.576605394801723,20.88222528399516,21.39234783984062,19.861980172304243
2024-09-12,936.4019165039062,940.3866055103059,924.4478494847075,932.4172274975067,39454846,-9.128445827288033,-7.768981845507286,-1.3594639817807472,52.375375717389815,36.88386177861522,83.35840359493899
2024-09-13,943.3751220703125,951.3445000814662,935.4057440591589,951.3445000814662,25347586,-6.213875231841143,-7.457960522774057,1.2440852909329134,70.54931520198437,53.7165884902998,104.21476862535351
2024-09-16,943.3751220703125,948.3559833272835,939.3904330647357,948.3559833272835,13626239,-3.8595663581224926,-6.7382816898437445,2.878715331721252,79.63628494428164,66.67643671729073,105.55598139826347
2024-09-18,937.3980712890625,944.3712769203307,929.4286934247559,941.3827602212158,28424324,-2.4478404782645384,-5.880193447527904,3.4323529692633654,79.51730570722182,73.09687121225627,92.35817469715292
2024-09-19,956.3253784179688,956.3253784179688,932.4172439575195,936.4019330342611,32739630,0.1959788336538395,-4.664958991291555,4.8609378249453945,89.75865285361091,81.4277620329336,106.42043449496555
2024-09-20,969.2755737304688,978.2411237444196,967.283229282924,977.2449515206473,60133709,3.298177876938439,-3.072331617645556,6.370509494583995,90.14027462375626,85.78401832834493,98.85278721457894
2024-09-23,973.2603149414062,973.2603149414062,967.2832812774877,967.2832812774877,14497067,6.0089607239521,-1.2560731493260249,7.265033873278125,92.1630436900242,88.97353100918457,98.54206905170344
2024-09-24,983.2219848632812,983.2219848632812,967.283229282924,972.2640904017857,26785975,8.85897838163146,0.7669371568654719,8.092041224765987,96.0815218450121,92.52752642709834,103.18951268083964
2024-09-25,1001.1531372070312,1001.1531372070312,994.1799312762361,996.1722758278918,39405222,12.421346495478474,3.097819024588073,9.3235274708904,98.04076092250605,95.2841436748022,103.5539954179138
2024-09-26,1011.1148071289062,1011.1148071289062,1001.153084891183,1006.1339460100446,38321585,15.865484965958672,5.651352212862193,10.214132753096479,99.02038046125303,97.15226206802761,102.75661724770387
2024-09-27,996.1722412109375,1021.076547241211,996.1722412109375,1016.0956860351563,35783779,17.191081244634006,7.959298019216556,9.23178322541745,85.92323483931435,91.53774845367099,74.6942076106011
2024-09-30,953.3368530273438,986.2105376144935,953.3368530273438,974.2564704918937,61603217,14.616676066618652,9.290773628696975,5.325902437921677,56.005108678311835,73.77142856599141,20.47246890295267
2024-10-01,968.2794189453125,973.2602801538789,963.298557736746,963.298557736746,26760355,13.625119706169585,10.157642844191498,3.4674768619780867,48.22726492200441,60.99934674399791,22.683101278017418
2024-10-04,973.2603149414062,982.2258654372841,963.2985921682086,982.2258654372841,40934818,13.090323723099687,10.744179019973137,2.3461447031265497,38.81953137690247,49.90943906045019,16.63971600980703
2024-10-07,1001.1531372070312,1006.1339985861707,985.214380793785,989.1990698970966,39667071,14.74721498578026,11.54478621313456,3.2024287726456997,54.70390506611237,52.30667206328128,59.49837107177453
2024-10-08,1006.1339721679688,1006.1339721679688,993.1837329222424,996.1722496712562,30845902,16.274621299741284,12.490753230455907,3.7838680692853774,66.32254411406802,59.31460808867465,80.33841616485476
2024-10-09,1016.095703125,1031.0382869944854,1016.095703125,1026.057425704657,46975717,18.080509385032315,13.608704461371188,4.471804923661127,73.545887175074,66.43024763187432,87.77716626147335
2024-10-11,1041.0,1045.980861244019,1016.0956937799043,1021.0765550239234,43058754,21.276000833507965,15.142163735798544,6.133837097709421,84.08477122760962,75.25750942974197,101.73929482334492
2024-10-14,1041.0,1050.9617224880383,1031.0382775119617,1041.0,36858874,23.537129451732426,16.82115687898532,6.715972572747106,86.94034422667187,81.09892682820691,98.62317902360178
2024-10-15,1065.904296875,1070.8851580753503,1045.980852073598,1045.980852073598,42850176,27.027107128953958,18.86234692897905,8.164760199974907,91.35152769803955,86.22522726312323,101.60412856787218
2024-10-16,1041.0,1065.9043062200956,1031.0382775119617,1036.0191387559807,52652149,27.466751346105298,20.583227812404303,6.883523533700995,81.78687899658759,84.00605312985542,77.34853073005195
2024-10-17,1031.038330078125,1050.9617760699728,1026.057468580163,1045.9809145720108,54173771,26.703527404565875,21.80728773083662,4.896239673729255,72.3749434104006,78.19049827012802,60.74383369094579
2024-10-18,1080.846923828125,1095.7895080285139,1070.8852010278658,1090.8086466283842,85011961,29.774581340344866,23.40074645273827,6.373834887606595,79.4307152021448,78.8106067361364,80.67093213416157
2024-10-21,1080.846923828125,1090.8086466283842,1075.8660624279953,1085.8277852282545,36491060,31.84136626050963,25.088870414292543,6.752495846217087,82.43380635071031,80.62220654342336,86.05700596528422
2024-10-22,1070.8851318359375,1070.8851318359375,1055.9425486010175,1060.923409679324,41197877,32.30310475686872,26.53171728280778,5.7713874740609405,75.59186600817571,78.10703627579954,70.56152547292805
2024-10-23,1055.942626953125,1065.9043498489093,1050.961765505233,1055.942626953125,31423466,31.10474444562226,27.446322715370677,3.6584217302515825,62.795949347210694,70.45149281150512,47.484862418621844
2024-10-24,1055.942626953125,1070.8852112968013,1050.961765505233,1065.9043498489093,38236996,29.811388139709834,27.919335800238507,1.8920523394713271,52.826545105061996,61.63901895828356,35.20159739861887
2024-10-25,1060.9234619140625,1065.9043232376027,1055.9426005905223,1060.9234619140625,22009575,28.855675439486276,28.106603728088064,0.7490717113982122,51.41325362989791,56.52613629409073,41.187488301512275
2024-10-28,1045.9808349609375,1075.866001674107,1045.9808349609375,1070.8851405552455,40142324,26.586053647443578,27.802493711959166,-1.216440064515588,39.99228842644631,48.25921236026852,23.458440558801883
2024-10-29,1036.0191650390625,1036.0191650390625,1016.095719557542,1031.0383036686824,45415773,23.710221837717086,26.98403933711075,-3.2738174993936653,32.49614318665478,40.37767777346165,16.733074013041033
2024-10-30,1026.057373046875,1050.9616782179157,1026.057373046875,1036.0190951152913,38201984,20.39220243370869,25.66567195643034,-5.273469522721651,22.498027631595974,31.43785270252881,4.6183774897303
2024-11-01,1021.0765380859375,1026.0573992473323,992.1875433498476,992.1875433498476,54480255,17.162893246405588,23.965116214425393,-6.802222968019805,25.895470697596615,28.66666170006271,20.35308869266443
2024-11-04,1036.0191650390625,1041.0000264094426,1021.0765809279221,1026.0574422983022,26747978,15.629223603082437,22.297937692156804,-6.668714089074367,39.138240388556866,33.902451044309785,49.60981907705103
2024-11-05,1045.9808349609375,1050.9616960797991,1026.057390485491,1026.057390485491,32385622,15.044182895066342,20.847186732738713,-5.803003837672371,51.71197552906327,42.807213286686526,69.52150001381675
2024-11-06,1055.942626953125,1075.8660727446934,1036.0191811615566,1045.980904057341,55349259,15.209046853745804,19.71955875694013,-4.5105119031943275,63.95123397903097,53.379223632858746,85.0952546713754
2024-11-07,1060.9234619140625,1070.885184561143,1045.9808779434418,1045.9808779434418,43975446,15.562222865506783,18.888091578653462,-3.3258687131466793,73.04703582377664,63.213129728317696,92.71484801469452
2024-11-08,1085.8277587890625,1085.8277587890625,1075.8660362313647,1080.8468975102135,37099479,17.648248005883715,18.640122864099514,-0.9918748582157981,86.52351791188832,74.868323820103,109.83390609545893
2024-11-11,1080.846923828125,1085.8277852282545,1065.9043396277361,1075.8660624279953,34690205,18.68414698786046,18.648927688851703,0.0352192990087552,90.60218583854598,82.73525482932449,106.33604785698893
2024-11-12,1045.9808349609375,1060.9234183175222,1045.9808349609375,1055.9425571986608,51099848,16.50148357991452,18.21943886706427,-1.7179552871497492,74.02447644114665,78.37986563523557,65.31369805296879
2024-11-13,1031.038330078125,1045.9809145720108,1031.038330078125,1041.000053074049,42331232,13.411373869875888,17.257825867626593,-3.8464519977507052,57.756944742543695,68.06840518888964,37.134023849851815
2024-11-14,1031.038330078125,1036.019191576087,1021.0766070822011,1026.057468580163,44627940,10.837511574319933,15.973763008965262,-5.136251434645329,36.57079968614138,52.31960243751551,5.073194183393099
2024-11-15,1031.038330078125,1041.000053074049,1026.057468580163,1036.019191576087,34791611,8.697448390345016,14.518500085241214,-5.821051694896198,25.977710069036096,39.1486562532758,-0.36418229944331415
2024-11-18,1021.0765380859375,1031.0382604087272,1016.0956769245428,1026.0573992473323,31815076,6.126971624146336,12.840194393022239,-6.713222768875903,16.560280940430037,27.854468596852918,-6.0280943724157225
2024-11-19,1036.0191650390625,1041.0000264094426,1021.0765809279221,1026.0574422983022,24349599,5.235246716699976,11.319204857757788,-6.083958141057812,22.565875262389113,25.210171929621016,17.27728192792531
2024-11-20,1021.0765380859375,1021.0765380859375,1021.0765380859375,1021.0765380859375,40203197,3.284936485639946,9.712351183334219,-6.427414697694273,14.854363537106543,20.03226773336378,4.498555144592068
2024-11-21,1006.1339721679688,1021.0765559130376,1006.1339721679688,1016.0956946646813,41429227,0.5274809153058868,7.875377129728553,-7.347896214422666,7.427181768553272,13.729724750958527,-5.177904196257238
2024-11-22,1036.0191650390625,1045.9808877798228,1031.0383036686824,1031.0383036686824,25187973,0.745074063133643,6.449316516409572,-5.704242453275929,30.986355049038437,22.35803989999848,48.24298534711835
2024-11-25,1026.057373046875,1045.9808171837076,1026.057373046875,1040.9999561494994,49566674,0.11238928711918561,5.181931070551495,-5.069541783432309,40.49308928297481,31.425564591486644,58.628138665951134
2024-11-26,1006.1339721679688,1016.0956946646813,1006.1339721679688,1011.114833416325,27312402,-1.973915827302335,3.7507616909807293,-5.724677518283064,20.246544641487404,25.836054616487026,9.06752469148816
2024-11-27,996.1722412109375,1016.0956860351563,996.1722412109375,1006.1339636230468,31276090,-4.380658590702751,2.1244776346440335,-6.505136225346785,10.123272320743702,17.979663468615364,-5.589509974999622
2024-11-28,1001.1531372070312,1001.1531372070312,988.2028976212687,1001.1531372070312,33689956,-5.819024794924076,0.5357771487304117,-6.354801943654487,16.26853306888718,17.124098268751272,14.557402669158996
2024-11-29,992.1875610351562,1006.1339725356504,990.1952165350856,991.1913887851209,40094983,-7.594838868410079,-1.0903460546976866,-6.5044928137123925,11.582520275143882,14.353309271947577,6.040942281536495
2024-12-02,1031.038330078125,1036.019191576087,1011.1148840862771,1016.0957455842391,31168404,-5.800388673344401,-2.0323545784270296,-3.768034094917371,42.86024812011299,28.606778696030283,71.3671869682784
2024-12-03,1050.961669921875,1060.9233919116557,1050.961669921875,1055.9425309167652,43414538,-2.7390528500924347,-2.173694232760111,-0.5653586173323237,64.58080181122688,46.59379025362858,100.55482492642346
2024-12-04,1065.904296875,1065.904296875,1050.9617132739486,1060.9234356746495,33466290,0.8826483393154376,-1.5624257183450014,2.445074057660439,82.29040090561344,64.44209557962101,117.9870115575983
2024-12-05,1070.8851318359375,1075.865992914244,1065.9042707576307,1065.9042707576307,31425359,4.107436409503862,-0.4284532927752289,4.535889702279091,88.30428942767108,76.37319250364604,112.16648327572119
2024-12-06,1060.9234619140625,1075.866045884683,1055.9426005905223,1070.885184561143,30765288,5.792508249536013,0.8157390156870196,4.9767692338489935,85.62941636867029,81.00130443615816,94.88564023369457
2024-12-09,1070.8851318359375,1070.8851318359375,1060.923409679324,1065.9042707576307,22247131,7.841372867266045,2.220865786002825,5.62050708126322,89.97376866332992,85.48753654974405,98.94623289050168
2024-12-10,1060.9234619140625,1070.885184561143,1055.9426005905223,1065.9043232376027,28506584,8.562585176651055,3.489209664132471,5.073375512518584,86.46415598649972,85.97584626812188,87.44077542325542
2024-12-11,1041.0,1055.9425837320573,1041.0,1041.0,25264194,7.440722244401968,4.27951218018637,3.161210064215598,72.88323454829793,79.4295404082099,59.790622828474
2024-12-12,1060.0,1065.0,1055.0,1060.0,22791260,7.992644764783563,5.0221386971058095,2.9705060676777535,74.19006421778852,76.80980231299921,68.95058802736713
2024-12-13,1065.0,1070.0,1055.0,1060.0,20423659,8.732838821893893,5.764278722063427,2.9685600998304658,71.51247089644465,74.16113660472193,66.2151394798901
2024-12-16,1085.0,1085.0,1075.0,1085.0,39722392,10.80868500542033,6.7731599787348085,4.035525026685521,85.75623544822233,79.95868602647212,97.35133429172271
2024-12-17,1075.0,1095.0,1075.0,1090.0,37880707,11.514163525215508,7.721360688030948,3.79280283718456,74.35959920559264,77.15914261603238,68.76051238471317
2024-12-18,1085.0,1090.0,1070.0,1075.0,41863190,12.733394120209141,8.723767374466588,4.009626745742553,77.92054034353706,77.53984147978471,78.68193807104174
2024-12-19,1070.0,1070.0,1055.0,1065.0,42702851,12.346940664774365,9.448402032528143,2.898538632246222,65.81212202362039,71.67598175170255,54.08440256745607
2024-12-20,1035.0,1060.0,1035.0,1060.0,52030520,9.111435072456288,9.381008640513773,-0.2695735680574849,32.906061011810195,52.29102138175637,-5.863859728082161
2024-12-23,1080.0,1080.0,1060.0,1065.0,30728473,10.062404365398606,9.51728778549074,0.5451165799078659,53.9530305059051,53.122025943830735,55.615039630053815
2024-12-24,1080.0,1095.0,1080.0,1095.0,26461906,10.692794502428569,9.752389128878306,0.9404053735502629,64.47651525295255,58.799270598391644,75.83100456207438
2024-12-25,1085.0,1090.0,1080.0,1090.0,15481622,11.463695099788993,10.094650323060444,1.3690447767285487,73.90492429314295,66.3520974457673,89.01057798789427
2024-12-26,1085.0,1090.0,1085.0,1085.0,14374900,11.937036649290349,10.463127588306424,1.4739090609839245,78.61912881323815,72.48561312950272,90.886160180709
2024-12-27,1090.0,1095.0,1080.0,1080.0,24948385,12.57071408380807,10.884644887406754,1.6860691964013164,85.1428977399524,78.81425543472756,97.80018235040211
2024-12-30,1090.0,1095.0,1085.0,1090.0,23954634,12.923929007332617,11.292501711391926,1.631427295940691,88.40478220330954,83.60951881901855,97.99530897189152
